<?xml version="1.0" encoding="UTF-8"?>
<project-private xmlns="http://www.netbeans.org/ns/project-private/1">
    <editor-bookmarks xmlns="http://www.netbeans.org/ns/editor-bookmarks/2" lastBookmarkId="0"/>
    <open-files xmlns="http://www.netbeans.org/ns/projectui-open-files/2">
        <group>
            <file>file:/Users/xcheko51x/NetBeansProjects/Leer_JSON_JSONSimple/src/leer_json_jsonsimple/Leer_JSON_JSONSimple.java</file>
            <file>file:/Users/xcheko51x/NetBeansProjects/Leer_JSON_JSONSimple/usuarios.json</file>
        </group>
    </open-files>
</project-private>
